timestamp,x,y,z,class
2022656686000, 0.6512229, -9.56723, -1.2354081, 1
2022856931000, 0.59376204, -9.605537, -1.1109096, 1
2023057822000, 0.58418524, -9.586384, -0.9768343, 1
2023257045000, 0.7374141, -9.662998, -0.79487497, 1
2023457189000, 0.38307226, -9.643845, -1.1204864, 1
2023657340000, 0.41180268, -9.126697, -1.5131354, 1
2023668209000, 0.49799395, -9.050082, -1.7238252, 1
2023677747000, 0.641646, -8.973468, -1.9057846, 1
2023689687000, 0.7661445, -9.011775, -2.030283, 1
2023702016000, 0.89064306, -9.126697, -2.1164744, 1
2023711705000, 0.9672575, -9.346964, -2.183512, 1
2023726587000, 0.92895025, -9.892841, -1.982399, 1
2023736756000, 0.90979666, -10.132261, -1.7238252, 1
2023751896000, 0.90021986, -10.400413, -1.532289, 1
2023764706000, 0.89064306, -10.649409, -1.2258313, 1
2023777747000, 0.9672575, -10.984597, -0.7757214, 1
2023787993000, 1.0151415, -10.94629, -0.46926352, 1
2023802131000, 1.0726024, -10.726024, -0.16280572, 1
2023816325000, 1.0630256, -10.208876, -0.009576807, 1
2023827386000, 0.80445176, -9.9790325, 0.12449849, 1
2023836831000, 0.80445176, -9.500193, -0.1340753, 1
2023858391000, 0.8619126, -9.069236, -0.51714754, 1
2023872492000, 1.484405, -8.695741, -2.4516625, 1
2023882040000, 1.9153614, -8.66701, -3.620033, 1
2023893782000, 2.0111294, -8.599973, -4.8745947, 1
2023904738000, 1.982399, -8.408437, -4.510676, 1
2023918728000, 1.9728222, -8.331821, -4.003105, 1
2023928326000, 1.8291701, -8.446744, -3.620033, 1
2023941890000, 1.6280571, -8.762778, -3.0933087, 1
2023951439000, 1.4652514, -9.050082, -2.4899697, 1
2023964499000, 1.2354081, -9.624691, -1.5705963, 1
2023974575000, 1.0821792, -9.854534, -1.2737153, 1
2023988860000, 0.94810385, -10.04607, -1.0342951, 1
2024001304000, 0.8331822, -10.151415, -0.8331822, 1
2024010789000, 0.7278373, -10.160992, -0.7182605, 1
2024020825000, 0.7278373, -10.04607, -0.7374141, 1
2024032402000, 0.8714894, -9.720459, -0.9576807, 1
2024042471000, 0.92895025, -9.691729, -1.0342951, 1
2024052619000, 1.0151415, -9.653421, -1.2162545, 1
2024063079000, 1.1109096, -9.701305, -1.3790601, 1
2024075927000, 1.2354081, -9.720459, -1.4652514, 1
2024086447000, 1.388637, -9.701305, -1.6280571, 1
2024099246000, 1.5514427, -9.605537, -1.6759412, 1
2024110779000, 1.7238252, -9.423578, -1.5131354, 1
2024120291000, 1.7142484, -9.32781, -1.4173675, 1
2024130220000, 1.6376339, -9.251195, -1.3311762, 1
2024141653000, 1.541866, -9.32781, -1.3503298, 1
2024152230000, 1.3982137, -9.452309, -1.3503298, 1
2024161590000, 1.2545617, -9.595961, -1.3503298, 1
2024173675000, 1.0247183, -9.730036, -1.2258313, 1
2024183187000, 0.81402856, -9.844957, -1.1109096, 1
2024195313000, 0.6895301, -9.950302, -1.0342951, 1
2024205972000, 0.48841715, -10.113108, -0.7661445, 1
2024216112000, 0.545878, -10.0269165, -0.79487497, 1
2024227001000, 0.5267244, -9.892841, -0.8523358, 1
2024238186000, 0.49799395, -9.80665, -0.842759, 1
2024249448000, 0.23942018, -9.701305, -1.1587936, 1
2024260687000, 0.08619126, -9.595961, -1.3790601, 1
2024271903000, -0.17238252, -9.528923, -1.6472107, 1
2024281692000, -0.4405331, -9.394848, -1.8962077, 1
2024292416000, -0.6991069, -9.241618, -2.1164744, 1
2024302422000, -0.9672575, -9.069236, -2.2601264, 1
2024316778000, -1.4077905, -8.734048, -2.3654714, 1
2024327339000, -1.5801731, -8.848969, -2.1164744, 1
2024336807000, -1.5035586, -9.078813, -1.8004397, 1
2024347847000, -1.292869, -9.32781, -1.292869, 1
2024358170000, -0.94810385, -9.557653, -0.6895301, 1
2024367791000, -0.5746084, -9.643845, -0.21068975, 1
2024377803000, -0.1436521, -9.586384, 0.10534488, 1
2024391145000, 0.29688102, -9.442732, 0.18195933, 1
2024401023000, 0.6799533, -9.308656, 0.19153613, 1
2024411279000, 0.8523358, -9.193734, 0.02873042, 1
2024422047000, 1.0630256, -9.174581, -0.37349546, 1
2024432317000, 1.2066777, -9.126697, -0.90021986, 1
2024442432000, 1.1779473, -9.011775, -1.541866, 1
2024453283000, 1.0247183, -8.90643, -2.0207062, 1
2024464518000, 0.8523358, -8.8777, -2.3558946, 1
2024474361000, 0.34476504, -9.030929, -2.681506, 1
2024483875000, 0.12449849, -9.251195, -2.5378537, 1
2024506058000, -0.076614454, -9.720459, -1.7812861, 1
2024516261000, -0.10534488, -9.883265, -1.4173675, 1
2024525936000, -0.17238252, -9.883265, -1.0630256, 1
2024536207000, -0.2873042, -9.797073, -0.78529817, 1
2024546406000, -0.32561144, -9.682152, -0.7086837, 1
2024556260000, -0.32561144, -9.576807, -0.7565677, 1
2024567888000, -0.31603462, -9.548077, -0.8714894, 1
2024577240000, -0.2777274, -9.548077, -1.1109096, 1
2024589650000, -0.24899697, -9.548077, -1.340753, 1
2024602502000, -0.24899697, -9.557653, -1.8004397, 1
2024614777000, -0.20111294, -9.56723, -1.934515, 1
2024627109000, -0.16280572, -9.615114, -1.9632454, 1
2024638216000, -0.11492168, -9.605537, -1.9536686, 1
2024651181000, -0.05746084, -9.605537, -1.9249382, 1
2024666332000, 0.02873042, -9.586384, -1.7621324, 1
2024676647000, 0.019153614, -9.5385, -1.6376339, 1
2024686888000, 0.095768064, -9.519346, -1.5514427, 1
2024697759000, 0.1436521, -9.404425, -1.4652514, 1
2024707405000, 0.15322891, -9.299079, -1.4556746, 1
2024719021000, 0.21068975, -9.184157, -1.5035586, 1
2024730845000, 0.23942018, -8.973468, -1.685518, 1
2024742050000, 0.29688102, -8.695741, -1.8483237, 1
2024752603000, 0.25857377, -8.628703, -1.8770541, 1
2024766000000, 0.17238252, -8.552089, -1.934515, 1
2024775695000, 0.08619126, -8.494628, -1.9632454, 1
2024788075000, 0.019153614, -8.437167, -1.8770541, 1
2024798989000, -0.019153614, -8.283937, -1.6567876, 1
2024808613000, 0.009576807, -8.264784, -1.4748282, 1
2024820233000, 0.12449849, -8.1402855, -1.2641385, 1
2024830883000, 0.30645782, -8.00621, -1.1875241, 1
2024841448000, 0.41180268, -7.824251, -1.0342951, 1
2024852181000, 0.48841715, -7.6135616, -0.8810662, 1
2024861901000, 0.47884035, -7.335834, -0.7182605, 1
2024873703000, 0.39264908, -6.9719152, -0.46926352, 1
2024883506000, 0.30645782, -6.531382, -0.19153613, 1
2024896182000, 0.38307226, -6.0525417, -0.05746084, 1
2024907146000, 0.59376204, -5.1235914, -0.17238252, 1
2024917817000, 0.49799395, -4.7979803, -0.36391866, 1
2024928046000, 0.31603462, -4.4915223, -0.9768343, 1
2024951467000, -0.32561144, -4.3478703, -2.6527755, 1
2024961551000, -0.5363012, -4.807557, -3.0550013, 1
2024976133000, -0.50757074, -5.851429, -3.6487634, 1
2024988210000, -0.48841715, -6.3206925, -3.9743748, 1
2024998611000, -0.45968673, -6.7708025, -4.232949, 1
2025011089000, -0.37349546, -7.2592196, -3.964798, 1
2025022513000, -0.16280572, -7.575254, -3.3997664, 1
2025032204000, -0.019153614, -7.7572136, -2.767697, 1
2025043384000, 0.05746084, -7.8912888, -2.1452048, 1
2025054002000, 0.047884032, -7.97748, -1.7621324, 1
939489614000, 0.5746084, 10.409989, -1.0821792, 0
939502350000, 0.45968673, 10.295067, -1.0055647, 0
939512138000, 0.29688102, 10.0269165, -0.842759, 0
939522849000, 0.1340753, 9.739613, -0.61291564, 0
939532729000, 0.019153614, 9.548077, -0.4213795, 0
939543061000, 0.076614454, 9.32781, -0.36391866, 0
939553461000, 0.18195933, 9.346964, -0.5746084, 0
939564330000, 0.32561144, 9.375694, -0.8810662, 0
939574401000, 0.48841715, 9.490616, -1.1204864, 0
939584445000, 0.5746084, 9.605537, -1.2641385, 0
939594161000, 0.60333884, 9.739613, -1.3311762, 0
939604334000, 0.5363012, 9.797073, -1.3024458, 0
939616567000, 0.46926352, 9.80665, -1.2162545, 0
939626082000, 0.39264908, 9.672575, -1.0151415, 0
939635847000, 0.38307226, 9.615114, -0.8810662, 0
939646514000, 0.41180268, 9.643845, -0.7661445, 0
939656753000, 0.545878, 9.768343, -0.80445176, 0
939668885000, 0.6799533, 9.835381, -0.8619126, 0
939678981000, 0.7278373, 9.854534, -0.91937345, 0
939691330000, 0.7565677, 9.854534, -1.0247183, 0
939703053000, 0.6607997, 9.835381, -1.292869, 0
939713158000, 0.5746084, 9.854534, -1.436521, 0
939725165000, 0.4309563, 9.816227, -1.5705963, 0
939735646000, 0.33518824, 9.787497, -1.685518, 0
939748183000, 0.2777274, 9.710882, -1.7812861, 0
939758316000, 0.2873042, 9.643845, -1.7717092, 0
939771057000, 0.41180268, 9.77792, -1.5897499, 0
939782801000, 0.5267244, 9.892841, -1.4748282, 0
939795839000, 0.5746084, 9.931149, -1.3599066, 0
939806449000, 0.5363012, 9.959879, -1.2737153, 0
939818732000, 0.47884035, 10.0269165, -1.1875241, 0
939829216000, 0.41180268, 10.0748005, -1.1492168, 0
939840288000, 0.34476504, 9.9790325, -1.1204864, 0
939853137000, 0.22984336, 9.883265, -1.1013328, 0
939866514000, 0.17238252, 9.80665, -1.1109096, 0
939876029000, 0.19153613, 9.816227, -1.1779473, 0
939887048000, 0.21068975, 9.873688, -0.78529817, 0
939898495000, 0.31603462, 9.988609, -1.9632454, 0
939909650000, 0.35434186, 10.01734, -1.0821792, 0
939919962000, 0.33518824, 9.969456, -0.7086837, 0
939929858000, 0.38307226, 9.854534, -2.0973208, 0
939942670000, 0.33518824, 9.854534, -1.1875241, 0
939952913000, 0.34476504, 9.758766, -1.283292, 0
939962389000, 0.38307226, 9.730036, -1.3503298, 0
939973892000, 0.4405331, 9.710882, -1.5993267, 0
939983307000, 0.5363012, 9.672575, -1.5801731, 0
939993344000, 0.6607997, 9.586384, -1.7142484, 0
940003652000, 0.7374141, 9.509769, -1.7621324, 0
940014631000, 0.80445176, 9.461885, -1.8770541, 0
940026353000, 0.8619126, 9.548077, -1.7142484, 0
940037781000, 0.7757214, 9.682152, -1.6089035, 0
940049474000, 0.7374141, 9.950302, -1.5227122, 0
940059141000, 0.5746084, 10.170568, -1.4652514, 0
940069314000, 0.48841715, 10.247183, -1.4269443, 0
940081193000, 0.45010993, 10.084377, -1.3982137, 0
940090609000, 0.45968673, 9.873688, -1.3982137, 0
940103167000, 0.47884035, 9.758766, -1.3599066, 0
940114322000, 0.5746084, 9.710882, -1.292869, 0
940124520000, 0.6512229, 9.854534, -1.1971009, 0
940134838000, 0.6607997, 9.902418, -1.2162545, 0
940145582000, 0.6991069, 9.873688, -1.2641385, 0
940156836000, 0.81402856, 9.768343, -1.4077905, 0
940168512000, 0.90021986, 9.634268, -1.532289, 0
940178582000, 1.0342951, 9.519346, -1.6567876, 0
940190183000, 1.2258313, 9.394848, -1.7812861, 0
940199359000, 1.4077905, 9.3182335, -1.8483237, 0
940209431000, 1.6472107, 9.404425, -1.8866309, 0
940219582000, 1.9632454, 9.557653, -1.9249382, 0
940229293000, 2.1930888, 9.797073, -1.934515, 0
940239893000, 2.327164, 9.883265, -2.0111294, 0
940249489000, 2.5378537, 10.065224, -1.8004397, 0
940259673000, 2.6910827, 10.170568, -1.5610195, 0
940269954000, 2.834735, 10.25676, -1.2641385, 0
940280628000, 2.8634653, 10.189722, -1.0726024, 0
940291286000, 2.6623523, 9.931149, -0.7565677, 0
940300242000, 2.6623523, 9.931149, -0.7565677, 0
940310584000, 2.432509, 9.825804, -0.5267244, 0
940320779000, 1.8579005, 9.615114, -0.2681506, 0
940334021000, 1.5897499, 9.548077, -0.38307226, 0
940344381000, 1.3120226, 9.519346, -0.46926352, 0
940354535000, 1.1300632, 9.624691, -0.7374141, 0
940366037000, 0.91937345, 9.758766, -1.13964, 0
940376672000, 0.79487497, 9.835381, -1.5897499, 0
940388529000, 0.6991069, 9.892841, -1.9536686, 0
940399920000, 0.60333884, 9.835381, -2.1068976, 0
940409677000, 0.48841715, 9.528923, -1.7525556, 0
940421286000, 0.50757074, 9.375694, -1.532289, 0
940431767000, 0.62249243, 9.251195, -1.3790601, 0
940445193000, 0.842759, 9.337387, -1.388637, 0
940454678000, 1.0726024, 9.500193, -1.436521, 0
940467843000, 1.3215994, 9.605537, -1.541866, 0
940477761000, 1.4748282, 9.615114, -1.5131354, 0
940487886000, 1.6089035, 9.615114, -1.5035586, 0
940499785000, 1.8291701, 9.615114, -1.4269443, 0
940509707000, 1.9440918, 9.634268, -1.4556746, 0
940520556000, 2.0111294, 9.624691, -1.484405, 0
940530309000, 2.0590134, 9.586384, -1.5131354, 0
940543556000, 2.0494366, 9.548077, -1.541866, 0
940553886000, 2.0973208, 9.509769, -1.484405, 0
940564747000, 2.135628, 9.500193, -1.3311762, 0
940575745000, 2.1452048, 9.500193, -1.2258313, 0
940586251000, 2.1260512, 9.5385, -1.2737153, 0
940597067000, 1.8866309, 9.643845, -1.2258313, 0
940606701000, 1.7717092, 9.615114, -1.1875241, 0
940619046000, 1.6663644, 9.56723, -1.1204864, 0
940629312000, 1.5897499, 9.500193, -1.1013328, 0
940638434000, 1.6184803, 9.423578, -1.1204864, 0
940650353000, 1.685518, 9.3661175, -1.1971009, 0
940660987000, 1.7525556, 9.279925, -1.2545617, 0
940670714000, 1.733402, 9.270349, -1.4269443, 0
940680377000, 1.7429788, 9.270349, -1.5514427, 0
940692818000, 1.6950948, 9.337387, -1.6376339, 0
940702324000, 1.6472107, 9.442732, -1.5897499, 0
940712582000, 1.5897499, 9.5385, -1.484405, 0
940722918000, 1.6184803, 9.576807, -1.2641385, 0
940732573000, 1.733402, 9.643845, -1.0247183, 0
940742939000, 1.9249382, 9.643845, -0.8523358, 0
940754678000, 2.078167, 9.442732, -0.9768343, 0
940765279000, 2.087744, 9.356541, -1.2162545, 0
940775609000, 2.0590134, 9.3182335, -1.3694834, 0
940785659000, 2.0207062, 9.375694, -1.484405, 0
940796295000, 1.9440918, 9.557653, -1.4460979, 0
940806549000, 1.8866309, 9.710882, -1.3694834, 0
940819315000, 1.8962077, 9.892841, -1.1875241, 0
940829868000, 1.9057846, 10.0269165, -1.091756, 0
940842533000, 2.183512, 10.429143, -1.0151415, 0
940852967000, 2.4229321, 10.955867, -0.93852705, 0
940863086000, 2.6719291, 11.559206, -0.8810662, 0
2060660524000, 1.4173675, -9.701305, -0.7182605, 1
2060866342000, 1.4173675, -9.624691, -0.8810662, 1
2061066968000, 1.6759412, -9.548077, -0.7565677, 1
2061267311000, 1.388637, -9.653421, -0.7086837, 1
2061467428000, 1.5131354, -9.500193, -0.8619126, 1
2061667539000, 1.5801731, -9.615114, -0.7469909, 1
2061867836000, 1.7046716, -9.490616, -1.2641385, 1
2061882833000, 1.7525556, -9.270349, -1.2737153, 1
2061893064000, 1.6663644, -9.203311, -1.3215994, 1
2061906241000, 1.5514427, -9.212888, -1.3790601, 1
2061916013000, 1.4460979, -9.222465, -1.3790601, 1
2061926050000, 1.3503298, -9.32781, -1.3982137, 1
2061936216000, 1.292869, -9.423578, -1.4077905, 1
2061947026000, 1.1683705, -9.471462, -1.340753, 1
2061956653000, 1.1109096, -9.5385, -1.3024458, 1
2061967227000, 1.1109096, -9.56723, -1.3694834, 1
2061978278000, 1.1109096, -9.586384, -1.3790601, 1
2061990768000, 1.0821792, -9.624691, -1.3215994, 1
2062001528000, 1.1204864, -9.595961, -1.283292, 1
2062012127000, 1.091756, -9.56723, -1.2354081, 1
2062022057000, 1.0534488, -9.519346, -1.2545617, 1
2062031838000, 0.9864111, -9.414001, -1.3503298, 1
2062042141000, 0.9576807, -9.3182335, -1.3503298, 1
2062052292000, 0.8714894, -9.232041, -1.3790601, 1
2062062464000, 0.81402856, -9.136273, -1.4748282, 1
2062075958000, 0.8331822, -9.050082, -1.541866, 1
2062085972000, 0.8331822, -8.954314, -1.685518, 1
2062096393000, 0.82360536, -8.8777, -1.733402, 1
2062107265000, 0.8714894, -8.762778, -1.8483237, 1
2062116752000, 0.8810662, -8.695741, -1.9249382, 1
2062128549000, 0.8523358, -8.695741, -1.9919758, 1
2062140562000, 0.8331822, -8.66701, -2.0111294, 1
2062152691000, 0.82360536, -8.6574335, -2.0207062, 1
2062163486000, 0.7086837, -8.7053175, -1.9919758, 1
2062175701000, 0.5650316, -8.772355, -1.9536686, 1
2062186237000, 0.21068975, -8.839393, -1.9057846, 1
2062199225000, 0.15322891, -8.839393, -1.8866309, 1
2062208576000, 0.1340753, -8.810662, -1.8962077, 1
2062218792000, 0.18195933, -8.66701, -1.8674773, 1
2062230905000, 0.4309563, -8.475474, -1.7621324, 1
2062240915000, 0.6512229, -8.379706, -1.6184803, 1
2062251948000, 0.91937345, -8.312668, -1.388637, 1
2062261253000, 1.283292, -8.178593, -1.2066777, 1
2062271994000, 1.6567876, -7.9966335, -1.1683705, 1
2062282240000, 1.8291701, -7.795521, -1.1971009, 1
2062292525000, 1.9632454, -7.575254, -1.2066777, 1
2062302666000, 1.9728222, -7.2304893, -1.1013328, 1
2062312749000, 1.8483237, -6.943185, -0.9959879, 1
2062324232000, 1.2354081, -6.655881, -0.79487497, 1
2062333674000, 0.8810662, -6.8282633, -0.81402856, 1
2062343592000, 0.545878, -7.038953, -0.9672575, 1
2062355950000, 0.22026655, -7.192182, -1.283292, 1
2062365671000, -0.16280572, -7.335834, -1.5897499, 1
2062376689000, -0.4309563, -7.3166804, -1.7046716, 1
2062386576000, -0.45010993, -7.0964136, -1.5801731, 1
2062399014000, -0.39264908, -6.8186865, -1.340753, 1
2062408887000, -0.29688102, -6.6271505, -0.9864111, 1
2062418353000, -0.1436521, -6.445191, -0.80445176, 1
2062431389000, -0.038307227, -6.3589997, -0.89064306, 1
2062440909000, 0.24899697, -6.3111157, -1.1875241, 1
2062451779000, 0.5267244, -6.5026517, -2.135628, 1
2062464836000, 0.4405331, -6.8665705, -2.585738, 1
2062476743000, 0.2873042, -7.240066, -2.9783869, 1
2062486456000, 0.16280572, -7.651869, -3.3039982, 1
2062498525000, 0.10534488, -8.2169, -3.5051112, 1
2062510640000, 0.06703765, -9.193734, -3.4476504, 1
2062525326000, 0.06703765, -9.519346, -3.3039982, 1
2062535727000, 0.15322891, -9.701305, -3.074155, 1
2062552419000, 0.48841715, -9.595961, -2.834735, 1
2062563865000, 0.58418524, -9.356541, -2.9496565, 1
2062574472000, 0.5554548, -8.839393, -3.2752678, 1
2062584374000, 0.24899697, -8.322245, -3.8977604, 1
2062596326000, -0.1340753, -8.0445175, -4.501099, 1
2062606508000, -0.34476504, -7.9870567, -4.807557, 1
2062617177000, -0.7374141, -7.5944076, -5.659893, 1
2062627300000, -1.532289, -7.469909, -6.435614, 1
2062637236000, -1.9728222, -7.795521, -6.9527617, 1
2062649777000, -2.135628, -8.552089, -6.5026517, 1
2062659568000, -1.9536686, -8.6574335, -5.746084, 1
2062670096000, -1.7429788, -8.772355, -5.2385135, 1
2062680607000, -1.6376339, -8.916007, -4.951209, 1
2062690863000, -1.484405, -9.030929, -4.663905, 1
2062701648000, -1.1587936, -9.059659, -4.357447, 1
2062711240000, -0.89064306, -8.935161, -4.1946416, 1
2062723374000, -0.545878, -8.7053175, -4.0797195, 1
2062732892000, -0.2681506, -8.475474, -4.1276035, 1
2062747257000, 0.02873042, -8.255207, -4.0222588, 1
2062758497000, 0.46926352, -8.293514, -3.8594532, 1
2062772919000, 0.58418524, -8.494628, -3.763685, 1
2062785337000, 0.61291564, -8.743625, -3.7062242, 1
2062797360000, 0.79487497, -8.963891, -3.0071173, 1
2062810261000, 1.0534488, -8.8777, -2.2409728, 1
2062823270000, 1.532289, -8.6095495, -1.3599066, 1
2062836525000, 3.514688, -8.207323, 0.9959879, 1
2062846489000, 4.4915223, -8.255207, 2.3558946, 1
2062856519000, 5.3342814, -8.379706, 3.41892, 1
2062866271000, 6.0142345, -8.494628, 4.2425256, 1
2062876409000, 6.588843, -8.676587, 4.9703627, 1
2062886419000, 6.6846113, -9.059659, 6.1004257, 1
2062896804000, 6.6079965, -11.626244, 9.768343, 1
2062906769000, 9.911995, -15.581465, 13.656527, 1
2062917055000, 14.729129, -17.554287, 3.9073372, 1
2062927284000, 17.132908, -18.540697, 5.6407394, 1
2062938177000, 18.339584, -14.566323, -1.3024458, 1
2062948285000, 6.694188, -9.433155, -5.851429, 1
2062959617000, -0.12449849, -2.9592333, -5.5641246, 1
2062969720000, -1.733402, -2.2601264, -8.015787, 1
2062980816000, -2.2218192, -5.363012, -11.463438, 1
2062990322000, -2.336741, -6.5696893, -12.938266, 1
2063001026000, -1.7142484, -7.0006456, -13.292608, 1
2063010791000, -1.3982137, -6.042965, -12.277467, 1
2063022956000, -3.8977604, -5.793968, -9.030929, 1
2063033363000, -4.711789, -7.3071036, -6.7803793, 1
2063043310000, -4.855441, -7.086837, -6.0046577, 1
2063056128000, -4.8362875, -7.4986396, -5.0661306, 1
2063065762000, -3.7732618, -7.4028716, -4.8745947, 1
2063076414000, -2.585738, -7.144298, -5.4779334, 1
2063086300000, -1.3694834, -7.153875, -6.7229185, 1
2063098693000, -0.60333884, -7.1730285, -7.5465236, 1
2063110341000, -0.12449849, -7.5944076, -7.2209125, 1
2063123253000, 0.63206923, -9.174581, -5.602432, 1
2063133887000, 0.5650316, -9.720459, -5.046977, 1
2063147371000, 0.33518824, -10.218452, -4.9799395, 1
2063157341000, 0.19153613, -10.7356, -5.0278234, 1
2063168093000, -0.047884032, -10.955867, -4.9224787, 1
2063181349000, -0.46926352, -9.883265, -4.3766007, 1
2063191326000, -0.25857377, -8.523358, -3.6008794, 1
2063202006000, -0.019153614, -6.8761473, -2.087744, 1
5425926036000, -0.08619126, 9.931149, -0.8714894, 0
5426126414000, -0.1340753, 9.825804, -0.8619126, 0
5426326946000, -0.047884032, 9.844957, -0.8619126, 0
5426528101000, -0.20111294, 9.883265, -1.0630256, 0
5426726787000, 0.10534488, 9.883265, -1.0630256, 0
5426926853000, 0.10534488, 9.959879, -0.8619126, 0
5427130454000, -0.15322891, 9.605537, -0.20111294, 0
5427327568000, -1.2162545, 10.065224, -0.16280572, 0
5427527548000, -1.4269443, 9.576807, -0.12449849, 0
5427537700000, -1.4652514, 9.682152, -0.12449849, 0
5427551324000, -1.3503298, 9.892841, 0.009576807, 0
5427561541000, -1.484405, 9.797073, 0.047884032, 0
5427574667000, -1.5897499, 9.758766, 0.11492168, 0
5427584690000, -1.5897499, 9.758766, 0.19153613, 0
5427596651000, -1.6184803, 9.662998, 0.16280572, 0
5427607683000, -1.6567876, 9.500193, 0.17238252, 0
5427618619000, -1.6759412, 9.356541, 0.21068975, 0
5427630552000, -1.7621324, 9.346964, 0.19153613, 0
5427642617000, -1.7525556, 9.375694, 0.22026655, 0
5427652155000, -1.6376339, 9.394848, 0.22026655, 0
5427664260000, -1.3694834, 9.241618, 0.15322891, 0
5427674117000, -1.4269443, 9.289502, 0.02873042, 0
5427684302000, -1.5131354, 9.423578, -0.009576807, 0
5427697095000, -1.4748282, 9.586384, -0.16280572, 0
5427711491000, -1.4748282, 9.605537, -0.22984336, 0
5427720796000, -1.4556746, 9.595961, -0.2777274, 0
5427735212000, -1.6950948, 9.576807, -0.30645782, 0
5427746018000, -1.7908629, 9.662998, -0.2873042, 0
5427758738000, -1.8387469, 9.739613, -0.24899697, 0
5427768435000, -1.8770541, 9.720459, -0.22026655, 0
5427780270000, -1.7621324, 9.433155, -0.30645782, 0
5427791995000, -1.8962077, 9.346964, -0.33518824, 0
5427802011000, -2.0494366, 9.414001, -0.32561144, 0
5427813278000, -2.0111294, 9.682152, -0.40222588, 0
5427824679000, -1.9153614, 9.749189, -0.45968673, 0
5427834521000, -1.9536686, 9.902418, -0.6607997, 0
5427845919000, -1.9440918, 9.988609, -1.0055647, 0
5427856594000, -1.8483237, 10.314221, -1.2545617, 0
5427866678000, -1.7046716, 10.869676, -1.2737153, 0
5427876608000, -1.6280571, 11.291056, -1.5227122, 0
5427886756000, -1.5035586, 11.626244, -1.8579005, 0
5427896773000, -1.2545617, 11.971008, -2.0685902, 0
5427907620000, -0.90021986, 12.26789, -2.0111294, 0
5427916545000, -0.50757074, 12.50731, -2.0590134, 0
5427927117000, -0.20111294, 12.545617, -2.183512, 0
5427936691000, -0.12449849, 12.181698, -2.0590134, 0
5427946777000, 0.076614454, 11.674128, -1.8770541, 0
5427957022000, 0.2873042, 11.147403, -1.8866309, 0
5427967093000, 0.4405331, 10.7356, -1.8866309, 0
5427978157000, 0.60333884, 10.275913, -1.8483237, 0
5427987234000, 0.7565677, 9.959879, -2.0015526, 0
5428001330000, 0.94810385, 9.519346, -2.078167, 0
5428011956000, 0.93852705, 9.490616, -1.8579005, 0
5428021678000, 0.78529817, 9.5385, -1.5897499, 0
5428035217000, 0.4213795, 9.595961, -1.388637, 0
5428045394000, 0.11492168, 9.825804, -1.0151415, 0
5428058848000, -0.24899697, 10.180145, -0.6799533, 0
5428069110000, -1.1109096, 11.109096, -0.21068975, 0
5428081194000, -1.4460979, 11.329363, -0.12449849, 0
5428095649000, -1.7046716, 11.377247, -0.21068975, 0
5428105265000, -1.8579005, 11.195287, -0.36391866, 0
5428117226000, -1.9057846, 10.994174, -0.47884035, 0
5428126976000, -1.7812861, 10.668563, -0.49799395, 0
5428137000000, -1.4652514, 10.409989, -0.4405331, 0
5428147382000, -1.1875241, 10.170568, -0.33518824, 0
5428158508000, -0.7086837, 9.701305, -0.2777274, 0
5428168111000, -0.48841715, 9.576807, -0.15322891, 0
5428179766000, -0.2777274, 9.615114, -0.076614454, 0
5428202125000, 0.02873042, 9.710882, -0.02873042, 0
5428214085000, 0.095768064, 9.710882, -0.02873042, 0
5428229129000, 0.17238252, 9.662998, 0.009576807, 0
5428241033000, 0.15322891, 9.509769, -0.038307227, 0
5428250619000, 0.19153613, 9.174581, -0.1436521, 0
5428260519000, 0.23942018, 8.7532015, -0.29688102, 0
5428270181000, 0.33518824, 8.255207, -0.32561144, 0
5428280652000, 0.40222588, 7.8625584, -0.2681506, 0
5428290796000, 0.51714754, 7.52737, -0.15322891, 0
5428300800000, 0.5746084, 7.240066, 0.019153614, 0
5428310883000, 0.6607997, 7.0581064, 0.17238252, 0
5428320890000, 0.7278373, 6.933608, 0.45010993, 0
5428332289000, 0.6895301, 7.019799, 0.5267244, 0
5428342278000, 0.545878, 7.249643, 0.58418524, 0
5428351588000, 0.39264908, 7.4028716, 0.6512229, 0
5428362286000, 0.2681506, 7.489063, 0.46926352, 0
5428375448000, 0.18195933, 7.872135, 0.51714754, 0
5428385768000, 0.34476504, 8.1402855, 0.58418524, 0
5428397130000, 0.59376204, 8.475474, 0.78529817, 0
5428409181000, 0.92895025, 8.868123, 0.92895025, 0
5428421453000, 1.0534488, 9.337387, 0.92895025, 0
5428432179000, 0.92895025, 9.902418, 0.94810385, 0
5428444008000, 0.11492168, 11.597513, 0.81402856, 0
5428454721000, -0.35434186, 12.650962, 0.9768343, 0
5428467225000, -0.59376204, 13.263878, 1.6089035, 0
5428476939000, -0.5746084, 13.062764, 2.0685902, 0
5428488540000, -0.22026655, 12.737153, 2.4516625, 0
5428502220000, 0.16280572, 12.143391, 2.7581203, 0
5428511996000, 0.5363012, 11.434708, 2.825158, 0
5428525624000, 1.4939818, 11.36767, 2.6431987, 0
5428536208000, 1.6663644, 12.315774, 2.384625, 0
5428546645000, 1.2737153, 13.340492, 1.733402, 0
5428558717000, 0.7661445, 14.144943, 0.90979666, 0
5428568516000, 0.63206923, 15.073894, -0.019153614, 0
5428578737000, 0.7565677, 15.552734, -1.1971009, 0
5428588447000, 0.6703765, 14.54717, -1.6376339, 0
5428599178000, 0.45968673, 12.26789, -1.3982137, 0
5428609786000, 0.32561144, 10.151415, -1.0055647, 0
5428620582000, 0.12449849, 6.8665705, -0.46926352, 0
5428631259000, -0.21068975, 5.5162406, -1.1013328, 0
5428642596000, -0.48841715, 4.4915223, -1.8579005, 0
5428653109000, -0.641646, 4.0892963, -2.681506, 0
5428664199000, -0.4213795, 4.31914, -3.0262709, 0
5428676024000, -0.35434186, 4.7500963, -3.2752678, 0
5428686445000, -0.5746084, 5.1235914, -3.0454245, 0
5428697632000, -0.4213795, 6.3685765, -2.6048915, 0
5428708218000, -0.21068975, 8.37013, -1.7908629, 0
5428717358000, -0.30645782, 10.773908, -0.80445176, 0
5428728031000, -0.7278373, 12.947843, -0.35434186, 0
5428741600000, -2.0398598, 14.298173, -0.45010993, 0
5428751147000, -1.7621324, 13.072341, -0.8331822, 0
5428762866000, -0.9864111, 11.463438, -1.292869, 0
5428774116000, -0.076614454, 10.160992, -1.4748282, 0
5428784315000, 0.8714894, 9.222465, -1.3790601, 0
5428796333000, 1.4652514, 8.590396, -1.1492168, 0
5428808414000, 1.5514427, 8.149862, -0.9768343, 0
5428820500000, 0.7757214, 8.446744, -0.9768343, 0
5428831193000, 0.32561144, 9.356541, -1.0151415, 0
5428842083000, -0.33518824, 10.0748005, -1.091756, 0
5428851619000, -0.7661445, 10.457873, -1.1779473, 0
2099078484000, 0.60333884, -9.557653, -1.3503298, 1
2099279318000, 0.545878, -9.576807, -1.2066777, 1
2099480449000, 0.61291564, -9.548077, -1.3024458, 1
2099490436000, 0.63206923, -9.557653, -1.388637, 1
2099502461000, 0.61291564, -9.548077, -1.4077905, 1
2099511647000, 0.6607997, -9.557653, -1.388637, 1
2099521745000, 0.6607997, -9.586384, -1.3503298, 1
2099532096000, 0.63206923, -9.548077, -1.2066777, 1
2099542317000, 0.62249243, -9.557653, -1.2066777, 1
2099553453000, 0.63206923, -9.576807, -1.1875241, 1
2099563553000, 0.62249243, -9.5385, -1.1875241, 1
2099572569000, 0.59376204, -9.576807, -1.1204864, 1
2099582710000, 0.5746084, -9.634268, -1.13964, 1
2099592759000, 0.545878, -9.615114, -1.1492168, 1
2099603297000, 0.5267244, -9.605537, -1.1779473, 1
2099613499000, 0.5650316, -9.595961, -1.2258313, 1
2099623335000, 0.5267244, -9.634268, -1.2066777, 1
2099633462000, 0.49799395, -9.643845, -1.2354081, 1
2099643583000, 0.5363012, -9.662998, -1.3024458, 1
2099655606000, 0.58418524, -9.662998, -1.3120226, 1
2099666881000, 0.58418524, -9.615114, -1.3120226, 1
2099677445000, 0.61291564, -9.605537, -1.3599066, 1
2099688391000, 0.61291564, -9.605537, -1.3790601, 1
2099700816000, 0.63206923, -9.682152, -1.3215994, 1
2099712404000, 0.58418524, -9.682152, -1.3311762, 1
2099722254000, 0.5746084, -9.691729, -1.3215994, 1
2099734194000, 0.5267244, -9.710882, -1.2354081, 1
2099743889000, 0.5267244, -9.710882, -1.1683705, 1
2099755949000, 0.45968673, -9.691729, -1.1109096, 1
2099767545000, 0.46926352, -9.662998, -1.0055647, 1
2099780621000, 0.45010993, -9.634268, -0.94810385, 1
2099791327000, 0.48841715, -9.634268, -0.9576807, 1
2099803328000, 0.49799395, -9.605537, -0.94810385, 1
2099813004000, 0.545878, -9.634268, -1.0151415, 1
2099823061000, 0.5650316, -9.634268, -1.0630256, 1
2099833623000, 0.5746084, -9.643845, -1.1492168, 1
2099843332000, 0.58418524, -9.605537, -1.3215994, 1
2099854063000, 0.61291564, -9.519346, -1.3982137, 1
2099865292000, 0.60333884, -9.519346, -1.388637, 1
2099875962000, 0.59376204, -9.471462, -1.4173675, 1
2099887472000, 0.5554548, -9.452309, -1.4652514, 1
2099898078000, 0.545878, -9.500193, -1.436521, 1
2099909506000, 0.51714754, -9.500193, -1.388637, 1
2099921579000, 0.5267244, -9.528923, -1.388637, 1
2099932571000, 0.51714754, -9.576807, -1.4173675, 1
2099943311000, 0.50757074, -9.586384, -1.3982137, 1
2099957700000, 0.49799395, -9.586384, -1.3311762, 1
2099967747000, 0.46926352, -9.586384, -1.283292, 1
2099980780000, 0.4309563, -9.605537, -1.3120226, 1
2099991761000, 0.38307226, -9.605537, -1.3024458, 1
2100001150000, 0.39264908, -9.615114, -1.2737153, 1
2100013516000, 0.40222588, -9.653421, -1.3311762, 1
2100023094000, 0.38307226, -9.730036, -1.3120226, 1
2100033206000, 0.41180268, -9.739613, -1.3599066, 1
2100044755000, 0.4405331, -9.672575, -1.4173675, 1
2100055729000, 0.39264908, -9.653421, -1.436521, 1
2100067259000, 0.4213795, -9.615114, -1.4556746, 1
2100078889000, 0.39264908, -9.557653, -1.4460979, 1
2100092505000, 0.35434186, -9.548077, -1.4173675, 1
2100103626000, 0.36391866, -9.509769, -1.3599066, 1
2100117107000, 0.38307226, -9.461885, -1.340753, 1
2100130847000, 0.4213795, -9.423578, -1.283292, 1
2100141447000, 0.4213795, -9.3661175, -1.1875241, 1
2100157226000, 0.46926352, -9.165004, -1.2162545, 1
2100166871000, 0.45010993, -8.992621, -1.2449849, 1
2100179367000, 0.4405331, -8.848969, -1.3503298, 1
2100191692000, 0.41180268, -8.647857, -1.4652514, 1
2100203207000, 0.4405331, -8.619126, -1.5514427, 1
2100213408000, 0.4405331, -8.7053175, -1.6376339, 1
2100223503000, 0.41180268, -8.8777, -1.7142484, 1
2100233974000, 0.40222588, -9.078813, -1.8579005, 1
2100245672000, 0.41180268, -9.299079, -1.9153614, 1
2100255396000, 0.39264908, -9.5385, -1.9057846, 1
2100265419000, 0.49799395, -9.701305, -1.8387469, 1
2100277424000, 0.59376204, -9.873688, -1.685518, 1
2100292441000, 0.7278373, -10.323798, -1.6472107, 1
2100305789000, 0.842759, -10.409989, -1.4077905, 1
2100317226000, 0.8714894, -10.381259, -1.3120226, 1
2100329471000, 0.91937345, -10.218452, -1.3790601, 1
2100339679000, 0.92895025, -9.557653, -1.5705963, 1
2100352565000, 0.93852705, -9.165004, -1.8100165, 1
2100363236000, 0.93852705, -8.925584, -2.030283, 1
2100372852000, 0.89064306, -8.810662, -2.1547816, 1
2100385912000, 0.7565677, -8.839393, -2.336741, 1
2100396216000, 0.49799395, -8.8777, -2.4995465, 1
2100408151000, -0.10534488, -8.973468, -2.7006595, 1
2100418207000, -0.24899697, -9.021352, -2.767697, 1
2100432309000, -0.31603462, -9.040505, -2.719813, 1
2100442175000, -0.29688102, -9.030929, -2.6144683, 1
2100453559000, -0.1340753, -9.021352, -2.384625, 1
2100466423000, 0.08619126, -8.8777, -2.0494366, 1
2100480839000, 0.545878, -8.724471, -1.541866, 1
2100491528000, 0.6799533, -8.676587, -1.3790601, 1
2100503796000, 0.7086837, -8.619126, -1.283292, 1
2100516053000, 0.6703765, -8.542512, -1.2162545, 1
2100526359000, 0.5363012, -8.0924015, -1.3024458, 1
2100537024000, 0.4213795, -7.73806, -1.3311762, 1
2100547603000, 0.37349546, -7.2783732, -1.4077905, 1
2100558232000, 0.15322891, -6.789956, -1.388637, 1
2100568056000, -0.095768064, -6.291962, -1.3694834, 1
2100582454000, -0.31603462, -5.90889, -1.4652514, 1
2100593557000, -0.50757074, -5.5737014, -1.733402, 1
2100607421000, -0.7182605, -5.104438, -2.3175871, 1
2100617820000, -0.6703765, -4.9895163, -2.4133554, 1
2100629315000, -0.58418524, -4.912902, -2.4133554, 1
2100641266000, -0.50757074, -4.7884035, -2.231396, 1
2100652647000, -0.45968673, -4.5872903, -1.982399, 1
2100665690000, -0.6607997, -4.4723687, -2.1452048, 1
2100676058000, -0.6895301, -4.548983, -2.384625, 1
2100688201000, -0.61291564, -4.5681367, -2.5570073, 1
2100698037000, -0.50757074, -4.663905, -2.6240451, 1
2100711734000, -0.40222588, -4.817134, -2.7389667, 1
2100721602000, -0.4309563, -5.2002063, -2.9879637, 1
2100733475000, -0.49799395, -6.2728086, -3.3327289, 1
2100745589000, -0.4213795, -6.8091097, -3.3997664, 1
2100756462000, -0.29688102, -7.3166804, -3.3997664, 1
2100766879000, -0.24899697, -7.9391727, -3.5051112, 1
2100778867000, -0.06703765, -8.475474, -3.7062242, 1
2100791766000, 0.31603462, -9.193734, -4.060566, 1
2100804205000, 0.45968673, -9.289502, -4.223372, 1
2100813407000, 0.58418524, -9.232041, -4.6160207, 1
2100829055000, 0.6991069, -9.32781, -5.21936, 1
2100839847000, 0.58418524, -9.452309, -5.9184666, 1
2100854079000, -0.35434186, -9.672575, -7.038953, 1
2100863435000, -1.1875241, -9.873688, -7.489063, 1
2100875426000, -1.9153614, -10.25676, -7.9008656, 1
2100886531000, -2.336741, -10.649409, -8.111555, 1
2100896697000, -2.432509, -10.91756, -7.9104424, 1
122275428000, 0.7182605, 9.825804, 0.545878, 0
122285689000, 0.7086837, 9.835381, 0.50757074, 0
122295292000, 0.7182605, 9.844957, 0.50757074, 0
122305380000, 0.6799533, 9.797073, 0.5554548, 0
122315485000, 0.6703765, 9.816227, 0.545878, 0
122326473000, 0.63206923, 9.816227, 0.50757074, 0
122335846000, 0.59376204, 9.787497, 0.50757074, 0
122345922000, 0.5650316, 9.768343, 0.49799395, 0
122356038000, 0.5363012, 9.749189, 0.45968673, 0
122366244000, 0.51714754, 9.739613, 0.4405331, 0
122376901000, 0.51714754, 9.720459, 0.4405331, 0
122387727000, 0.46926352, 9.682152, 0.39264908, 0
122396778000, 0.49799395, 9.634268, 0.4213795, 0
122407118000, 0.46926352, 9.595961, 0.45010993, 0
122417701000, 0.4309563, 9.595961, 0.4213795, 0
122429284000, 0.40222588, 9.634268, 0.46926352, 0
122438444000, 0.34476504, 9.710882, 0.45968673, 0
122449702000, 0.22984336, 9.77792, 0.4213795, 0
122461323000, -0.02873042, 9.864111, 0.4213795, 0
122473283000, -0.1340753, 9.844957, 0.4213795, 0
122483715000, -0.2873042, 9.873688, 0.35434186, 0
122493271000, -0.2873042, 9.892841, 0.10534488, 0
122503473000, -0.32561144, 10.0269165, 0.9864111, 0
122513509000, -0.29688102, 10.1226845, 0.6512229, 0
122524021000, -0.22984336, 10.199299, 0.7565677, 0
122533786000, -0.24899697, 10.275913, 1.4652514, 0
122544849000, -0.22026655, 10.295067, 1.0821792, 0
122554463000, -0.23942018, 10.295067, 1.0247183, 0
122566665000, -0.24899697, 10.237606, 1.2354081, 0
122577469000, -0.2681506, 10.228029, 1.5131354, 0
122588871000, -0.30645782, 10.180145, 1.7908629, 0
122598762000, -0.2777274, 10.103531, 1.8866309, 0
122608323000, -0.2681506, 9.9790325, 1.9919758, 0
122619855000, -0.29688102, 9.892841, 2.1643584, 0
122631162000, -0.34476504, 9.768343, 2.2505496, 0
122643705000, -0.37349546, 9.595961, 2.336741, 0
122653443000, -0.35434186, 9.471462, 2.3558946, 0
122663559000, -0.30645782, 9.3661175, 2.4133554, 0
122674079000, -0.1436521, 9.3661175, 2.4995465, 0
122687100000, -0.02873042, 9.911995, 2.825158, 0
122697198000, -0.02873042, 10.505757, 3.0071173, 0
122707346000, -0.038307227, 11.33894, 3.3039982, 0
122718906000, -0.019153614, 12.287044, 3.1986535, 0
122729964000, 0.047884032, 12.919112, 3.0933087, 0
122741153000, -0.076614454, 12.947843, 3.2561142, 0
122752475000, -0.21068975, 12.5264635, 3.4955344, 0
122764252000, -0.2777274, 11.827356, 3.6104562, 0
122774662000, -0.02873042, 10.304645, 3.0262709, 0
122787429000, 0.06703765, 9.883265, 2.882619, 0
122799198000, 0.11492168, 9.576807, 2.767697, 0
122809640000, 0.17238252, 9.155427, 2.4612393, 0
122822314000, 0.11492168, 8.743625, 2.1930888, 0
122833162000, 0.047884032, 8.456321, 2.0590134, 0
122844299000, -0.22984336, 8.485051, 2.3942018, 0
122854559000, -0.45010993, 8.571242, 2.6527755, 0
122864612000, -0.5746084, 8.485051, 2.920926, 0
122874907000, -0.5746084, 8.408437, 3.1028855, 0
122885276000, -0.45010993, 8.274361, 3.1411927, 0
122895372000, -0.32561144, 8.121132, 3.0550013, 0
122905254000, -0.18195933, 8.063671, 2.9400797, 0
122916087000, -0.1436521, 7.97748, 2.882619, 0
122928011000, -0.15322891, 7.881712, 2.8538885, 0
122937414000, -0.23942018, 7.785944, 2.873042, 0
122949078000, -0.40222588, 7.6710224, 2.9400797, 0
122960770000, -0.58418524, 7.603985, 3.0071173, 0
122971859000, -0.7469909, 7.536947, 3.217807, 0
122984058000, -0.7469909, 7.5465236, 3.3997664, 0
122993860000, -0.6799533, 7.6135616, 3.572149, 0
123003381000, -0.59376204, 7.699753, 3.6966474, 0
123017056000, -0.5267244, 7.776367, 3.86903, 0
123028441000, -0.49799395, 7.9487495, 3.9743748, 0
123039011000, -0.51714754, 8.121132, 4.060566, 0
123049036000, -0.47884035, 8.274361, 4.146757, 0
123059797000, -0.46926352, 8.360553, 4.2521024, 0
123071650000, -0.41180268, 8.331821, 4.3861775, 0
123081631000, -0.39264908, 8.1881695, 4.4244847, 0
123092912000, -0.48841715, 7.9583263, 4.3287168, 0
123103284000, -0.6703765, 7.680599, 4.2904096, 0
123112719000, -0.93852705, 7.441179, 4.367024, 0
123123513000, -1.1300632, 7.3071036, 4.462792, 0
123133720000, -1.1971009, 7.3549876, 4.606444, 0
123146622000, -1.1875241, 7.479486, 4.7405195, 0
123155994000, -1.1109096, 7.699753, 4.8937483, 0
123166070000, -0.9864111, 7.9870567, 5.1906295, 0
123178501000, -0.80445176, 8.619126, 5.899313, 0
123188101000, -0.7661445, 9.050082, 6.196194, 0
123199047000, -0.81402856, 9.385271, 6.435614, 0
123209052000, -0.79487497, 9.5385, 6.5218053, 0
123221645000, -0.6991069, 9.586384, 6.4260373, 0
123232783000, -0.545878, 9.5385, 6.14831, 0
123242998000, -0.30645782, 9.433155, 5.707777, 0
123253081000, -0.05746084, 9.500193, 5.2768207, 0
123264516000, 0.18195933, 9.911995, 4.711789, 0
123273962000, 0.30645782, 10.994174, 4.0797195, 0
123285768000, 0.30645782, 12.679692, 3.2273839, 0
123296008000, 0.4309563, 15.619772, 1.0630256, 0
123305309000, 0.4309563, 15.619772, 1.0630256, 0
123316917000, 1.6184803, 15.1696615, 1.4173675, 0
123326916000, 2.3175871, 13.685257, 2.4133554, 0
123337294000, 2.566584, 11.300632, 3.2465374, 0
123347849000, 2.432509, 8.714894, 3.1028855, 0
123357863000, 1.8770541, 6.7229185, 1.8483237, 0
123368316000, 1.2162545, 5.0757074, -0.095768064, 0
123379510000, 0.79487497, 4.10845, -2.0590134, 0
123388942000, 0.5267244, 4.2042184, -3.371036, 0
123400444000, 0.10534488, 5.3725886, -3.3327289, 0
123411643000, -0.45968673, 7.393295, -2.2505496, 0
123423550000, -1.1492168, 9.203311, -0.9864111, 0
123433630000, -2.873042, 11.702858, 1.1013328, 0
123443304000, -2.873042, 11.702858, 1.5610195, 0
123453469000, -3.2752678, 11.903971, 1.6280571, 0
123463479000, -2.882619, 10.984597, 0.9672575, 0
123473584000, -1.982399, 9.921572, -0.095768064, 0
123483888000, -0.9672575, 9.375694, -0.6703765, 0
123496001000, -0.21068975, 9.3182335, -0.89064306, 0
123506385000, 0.05746084, 9.433155, -0.60333884, 0
123517619000, 0.047884032, 9.586384, -0.21068975, 0
123528263000, 0.19153613, 9.710882, 0.16280572, 0
123538135000, 0.18195933, 9.624691, 0.46926352, 0
123549019000, 0.076614454, 9.672575, 0.5267244, 0
123558147000, -0.009576807, 9.691729, 0.46926352, 0
123568769000, -0.20111294, 9.931149, 0.38307226, 0
123578922000, -0.5363012, 10.04607, 0.23942018, 0
123588667000, -0.90021986, 10.055647, -0.019153614, 0
123598843000, -1.2258313, 9.998186, -0.31603462, 0
123610386000, -1.5131354, 9.80665, -0.46926352, 0
123619644000, -1.6567876, 9.56723, -0.50757074, 0
123630262000, -1.7908629, 9.375694, -0.50757074, 0